logical_path,port,interface_path,modport,direction,direction_source,waveform_paths,width,shape,value_bin,status,change_tick,detail
picorv32_snapshot_tb.dut.clk,clk,,,input,port,"[""picorv32_snapshot_tb.dut.clk""]",1,"{""width"":1,""signed"":0,""packed_ranges"":[],""unpacked_ranges"":[],""type"":""npiLogicTypespec"",""hdl_type"":""npiNet"",""typedef"":"""",""unpacked_struct"":0}",1,ok,25000,
picorv32_snapshot_tb.dut.irq,irq,,,input,port,"[""picorv32_snapshot_tb.dut.irq""]",32,"{""width"":32,""signed"":0,""packed_ranges"":[[31,0]],""unpacked_ranges"":[],""type"":""npiLogicTypespec"",""hdl_type"":""npiNet"",""typedef"":"""",""unpacked_struct"":0}",00000000000000000000000000000000,ok,0,
picorv32_snapshot_tb.dut.mem_rdata,mem_rdata,,,input,port,"[""picorv32_snapshot_tb.dut.mem_rdata""]",32,"{""width"":32,""signed"":0,""packed_ranges"":[[31,0]],""unpacked_ranges"":[],""type"":""npiLogicTypespec"",""hdl_type"":""npiNet"",""typedef"":"""",""unpacked_struct"":0}",00000000000000000000000000010011,ok,0,
picorv32_snapshot_tb.dut.mem_ready,mem_ready,,,input,port,"[""picorv32_snapshot_tb.dut.mem_ready""]",1,"{""width"":1,""signed"":0,""packed_ranges"":[],""unpacked_ranges"":[],""type"":""npiLogicTypespec"",""hdl_type"":""npiNet"",""typedef"":"""",""unpacked_struct"":0}",1,ok,0,
picorv32_snapshot_tb.dut.pcpi_rd,pcpi_rd,,,input,port,"[""picorv32_snapshot_tb.dut.pcpi_rd""]",32,"{""width"":32,""signed"":0,""packed_ranges"":[[31,0]],""unpacked_ranges"":[],""type"":""npiLogicTypespec"",""hdl_type"":""npiNet"",""typedef"":"""",""unpacked_struct"":0}",00010010001101000101011001111000,ok,0,
picorv32_snapshot_tb.dut.pcpi_ready,pcpi_ready,,,input,port,"[""picorv32_snapshot_tb.dut.pcpi_ready""]",1,"{""width"":1,""signed"":0,""packed_ranges"":[],""unpacked_ranges"":[],""type"":""npiLogicTypespec"",""hdl_type"":""npiNet"",""typedef"":"""",""unpacked_struct"":0}",0,ok,0,
picorv32_snapshot_tb.dut.pcpi_wait,pcpi_wait,,,input,port,"[""picorv32_snapshot_tb.dut.pcpi_wait""]",1,"{""width"":1,""signed"":0,""packed_ranges"":[],""unpacked_ranges"":[],""type"":""npiLogicTypespec"",""hdl_type"":""npiNet"",""typedef"":"""",""unpacked_struct"":0}",0,ok,0,
picorv32_snapshot_tb.dut.pcpi_wr,pcpi_wr,,,input,port,"[""picorv32_snapshot_tb.dut.pcpi_wr""]",1,"{""width"":1,""signed"":0,""packed_ranges"":[],""unpacked_ranges"":[],""type"":""npiLogicTypespec"",""hdl_type"":""npiNet"",""typedef"":"""",""unpacked_struct"":0}",0,ok,0,
picorv32_snapshot_tb.dut.resetn,resetn,,,input,port,"[""picorv32_snapshot_tb.dut.resetn""]",1,"{""width"":1,""signed"":0,""packed_ranges"":[],""unpacked_ranges"":[],""type"":""npiLogicTypespec"",""hdl_type"":""npiNet"",""typedef"":"""",""unpacked_struct"":0}",1,ok,12000,
